{"cameraMode":{"drawMode":0,"name":"Shaded","section":"Shading Mode"},"sceneLighting":true,"audioPlay":false,"sceneViewState":{"m_AlwaysRefresh":false,"showFog":true,"showSkybox":true,"showFlares":true,"showImageEffects":true,"showParticleSystems":true,"showVisualEffectGraphs":true,"m_FxEnabled":true},"in2DMode":false,"pivot":{"x":-3.020416021347046,"y":-19.406259536743165,"z":52.59483337402344},"rotation":{"x":0.17842230200767518,"y":-0.020079031586647035,"z":0.003607406746596098,"w":0.9837955236434937},"size":30.338035583496095,"orthographic":false}